<keymap version="1" name="Eclipse copy" parent="Eclipse">
  <action id="CommentByLineComment">
    <keyboard-shortcut first-keystroke="ctrl slash" />
    <keyboard-shortcut first-keystroke="ctrl divide" />
    <keyboard-shortcut first-keystroke="shift ctrl c" />
  </action>
  <action id="CopyPaths">
    <keyboard-shortcut first-keystroke="shift ctrl p" />
  </action>
  <action id="DatabaseView.CopyDdlAction">
    <keyboard-shortcut first-keystroke="shift ctrl alt g" />
  </action>
  <action id="EditorMatchBrace" />
  <action id="GotoNextError">
    <keyboard-shortcut first-keystroke="alt period" />
  </action>
  <action id="GotoPreviousError">
    <keyboard-shortcut first-keystroke="alt comma" />
  </action>
  <action id="RevealIn">
    <keyboard-shortcut first-keystroke="alt c" />
  </action>
</keymap>